CustomerID,CustomerName,Gender,City,Country,JoinDate
C0001,Hana Ali,Female,Casablanca,Morocco,6/10/2020
C0002,Lina Nasser,Male,Muscat,Oman,1/28/2021
C0003,Sara Mahmoud,Male,Amman,Jordan,6/12/2020
C0004,Fatima Khoury,Female,Amman,Jordan,7/17/2022
C0005,Layla Nasser,Female,Beirut,Lebanon,3/5/2021
C0006,Mohamed Mansour,Male,Dubai,UAE,12/29/2022
C0007,Layla Farouk,Male,Casablanca,Morocco,7/6/2021
C0008,Khalid Hassan,Female,Riyadh,Saudi Arabia,3/6/2020
C0009,Tariq Salem,Female,Alexandria,Egypt,3/8/2021
C0010,Ali Farouk,Female,Casablanca,Morocco,8/9/2023
C0011,Omar Salem,Female,Dubai,UAE,5/20/2021
C0012,Ziad Khoury,Female,Muscat,Oman,3/28/2022
C0013,Nour Ibrahim,Male,Manama,Bahrain,10/7/2022
C0014,Sara Ali,Male,Dubai,UAE,7/9/2023
C0015,Dina Mansour,Female,Alexandria,Egypt,2/27/2022
C0016,Lina Farouk,Male,Manama,Bahrain,5/29/2021
C0017,Fatima Amin,Female,Amman,Jordan,8/5/2023
C0018,Fatima Salem,Female,Casablanca,Morocco,11/19/2020
C0019,Ahmed Salem,Male,Manama,Bahrain,12/31/2020
C0020,Mona Amin,Male,Muscat,Oman,2/11/2021
C0021,Rania Ibrahim,Male,Manama,Bahrain,12/22/2022
C0022,Lina Nasser,Male,Tunis,Tunisia,2/9/2020
C0023,Rania Salem,Male,Riyadh,Saudi Arabia,4/28/2020
C0024,Ziad Ali,Male,Alexandria,Egypt,9/22/2022
C0025,Hana Ibrahim,Female,Dubai,UAE,9/13/2023
C0026,Hana Ibrahim,Female,Amman,Jordan,12/16/2022
C0027,Ali Amin,Female,Riyadh,Saudi Arabia,12/31/2023
C0028,Tariq Nasser,Female,Tunis,Tunisia,11/25/2022
C0029,Fatima Mahmoud,Female,Riyadh,Saudi Arabia,5/11/2020
C0030,Ahmed Mansour,Male,Manama,Bahrain,4/16/2021
C0031,Ahmed Ali,Male,Cairo,Egypt,4/13/2021
C0032,Sara Nasser,Male,Alexandria,Egypt,11/18/2022
C0033,Hassan Farouk,Male,Riyadh,Saudi Arabia,1/9/2023
C0034,Ziad Mansour,Female,Tunis,Tunisia,5/12/2021
C0035,Dina Mahmoud,Female,Alexandria,Egypt,7/17/2020
C0036,Rania Khoury,Male,Casablanca,Morocco,8/14/2022
C0037,Fatima Hassan,Male,Casablanca,Morocco,11/25/2021
C0038,Nour Mahmoud,Female,Riyadh,Saudi Arabia,1/3/2023
C0039,Omar Khoury,Female,Dubai,UAE,7/24/2021
C0040,Nour Ali,Male,Tunis,Tunisia,2/1/2023
C0041,Sara Amin,Male,Cairo,Egypt,7/10/2020
C0042,Layla Khoury,Male,Tunis,Tunisia,9/12/2022
C0043,Tariq Hassan,Male,Dubai,UAE,2/15/2022
C0044,Tariq Salem,Female,Tunis,Tunisia,8/7/2021
C0045,Hana Farouk,Female,Dubai,UAE,1/23/2021
C0046,Ali Hassan,Male,Muscat,Oman,1/15/2023
C0047,Khalid Hassan,Female,Cairo,Egypt,4/11/2023
C0048,Sami Amin,Male,Dubai,UAE,4/26/2020
C0049,Layla Ali,Male,Muscat,Oman,5/19/2020
C0050,Tariq Ali,Male,Muscat,Oman,5/19/2021
C0051,Lina Ali,Female,Casablanca,Morocco,9/8/2023
C0052,Hassan Mahmoud,Female,Beirut,Lebanon,5/3/2021
C0053,Tariq Ibrahim,Female,Amman,Jordan,7/25/2022
C0054,Mohamed Hassan,Male,Tunis,Tunisia,6/26/2023
C0055,Mohamed Amin,Female,Riyadh,Saudi Arabia,11/2/2022
C0056,Omar Nasser,Female,Alexandria,Egypt,5/15/2021
C0057,Mona Ibrahim,Female,Tunis,Tunisia,1/17/2023
C0058,Lina Amin,Female,Cairo,Egypt,9/29/2023
C0059,Fatima Ibrahim,Male,Amman,Jordan,8/24/2020
C0060,Hana Ibrahim,Male,Amman,Jordan,7/31/2021
C0061,Khalid Mahmoud,Female,Amman,Jordan,11/1/2022
C0062,Hassan Hassan,Female,Alexandria,Egypt,7/23/2023
C0063,Hassan Hassan,Male,Cairo,Egypt,11/14/2021
C0064,Hassan Ibrahim,Female,Tunis,Tunisia,2/3/2023
C0065,Hana Hassan,Male,Alexandria,Egypt,6/3/2020
C0066,Hana Hassan,Male,Beirut,Lebanon,4/7/2023
C0067,Dina Ibrahim,Female,Cairo,Egypt,9/23/2021
C0068,Sara Nasser,Male,Riyadh,Saudi Arabia,10/28/2023
C0069,Fatima Nasser,Male,Manama,Bahrain,4/12/2022
C0070,Nour Ibrahim,Male,Dubai,UAE,4/24/2022
C0071,Layla Nasser,Male,Casablanca,Morocco,10/3/2023
C0072,Hassan Ibrahim,Male,Alexandria,Egypt,2/22/2022
C0073,Aya Mahmoud,Female,Riyadh,Saudi Arabia,7/31/2022
C0074,Mona Mahmoud,Male,Riyadh,Saudi Arabia,2/18/2020
C0075,Tariq Nasser,Female,Amman,Jordan,5/22/2020
C0076,Rania Amin,Female,Casablanca,Morocco,10/23/2023
C0077,Ahmed Ali,Female,Amman,Jordan,12/31/2020
C0078,Sara Ali,Female,Muscat,Oman,6/8/2022
C0079,Khalid Khoury,Male,Muscat,Oman,11/13/2022
C0080,Tariq Mansour,Male,Riyadh,Saudi Arabia,6/5/2021
C0081,Dina Hassan,Male,Manama,Bahrain,1/7/2023
C0082,Rania Khoury,Female,Alexandria,Egypt,9/22/2023
C0083,Lina Nasser,Female,Alexandria,Egypt,9/7/2021
C0084,Dina Nasser,Female,Casablanca,Morocco,11/28/2023
C0085,Hana Ibrahim,Female,Riyadh,Saudi Arabia,5/11/2022
C0086,Layla Mansour,Female,Muscat,Oman,9/8/2021
C0087,Hana Hassan,Male,Amman,Jordan,8/10/2021
C0088,Dina Mansour,Female,Muscat,Oman,9/2/2023
C0089,Youssef Farouk,Male,Tunis,Tunisia,10/15/2023
C0090,Sami Farouk,Male,Dubai,UAE,9/11/2023
C0091,Mona Amin,Male,Muscat,Oman,11/17/2021
C0092,Nour Salem,Male,Riyadh,Saudi Arabia,2/11/2021
C0093,Ahmed Hassan,Male,Riyadh,Saudi Arabia,8/31/2022
C0094,Youssef Khoury,Female,Muscat,Oman,2/2/2021
C0095,Aya Khoury,Male,Riyadh,Saudi Arabia,10/29/2020
C0096,Fatima Khoury,Female,Riyadh,Saudi Arabia,12/26/2020
C0097,Sara Amin,Female,Riyadh,Saudi Arabia,9/5/2020
C0098,Omar Farouk,Female,Manama,Bahrain,2/18/2023
C0099,Youssef Mansour,Female,Manama,Bahrain,5/23/2022
C0100,Layla Farouk,Male,Tunis,Tunisia,6/14/2021
C0101,Hassan Amin,Male,Tunis,Tunisia,7/7/2023
C0102,Hassan Farouk,Male,Alexandria,Egypt,8/8/2021
C0103,Hassan Nasser,Male,Beirut,Lebanon,1/11/2023
C0104,Omar Ibrahim,Male,Riyadh,Saudi Arabia,2/23/2022
C0105,Ali Ali,Female,Casablanca,Morocco,4/14/2022
C0106,Hana Farouk,Male,Casablanca,Morocco,5/7/2020
C0107,Dina Khoury,Male,Muscat,Oman,11/25/2023
C0108,Ziad Khoury,Female,Tunis,Tunisia,1/13/2020
C0109,Mona Khoury,Male,Casablanca,Morocco,1/7/2023
C0110,Aya Mahmoud,Female,Amman,Jordan,6/11/2022
C0111,Ahmed Khoury,Female,Beirut,Lebanon,10/1/2023
C0112,Layla Farouk,Male,Dubai,UAE,6/28/2023
C0113,Tariq Mansour,Male,Muscat,Oman,9/19/2023
C0114,Mohamed Khoury,Male,Dubai,UAE,8/3/2022
C0115,Sara Salem,Male,Casablanca,Morocco,11/1/2021
C0116,Youssef Nasser,Female,Beirut,Lebanon,2/15/2022
C0117,Dina Salem,Male,Alexandria,Egypt,8/21/2022
C0118,Hana Hassan,Male,Beirut,Lebanon,4/4/2021
C0119,Sara Hassan,Male,Riyadh,Saudi Arabia,2/12/2021
C0120,Lina Ibrahim,Female,Riyadh,Saudi Arabia,9/15/2020
C0121,Fatima Mansour,Female,Riyadh,Saudi Arabia,8/10/2022
C0122,Rania Ibrahim,Male,Muscat,Oman,5/28/2023
C0123,Layla Salem,Male,Alexandria,Egypt,3/31/2023
C0124,Mona Mansour,Male,Casablanca,Morocco,3/23/2022
C0125,Mohamed Mansour,Female,Riyadh,Saudi Arabia,7/27/2020
C0126,Lina Ali,Female,Muscat,Oman,3/25/2020
C0127,Hana Khoury,Female,Beirut,Lebanon,5/21/2020
C0128,Ahmed Khoury,Female,Tunis,Tunisia,8/4/2020
C0129,Rania Farouk,Male,Dubai,UAE,6/10/2022
C0130,Sami Salem,Female,Muscat,Oman,1/7/2023
C0131,Youssef Khoury,Female,Muscat,Oman,7/3/2021
C0132,Nour Ali,Male,Amman,Jordan,7/12/2022
C0133,Youssef Mansour,Female,Muscat,Oman,9/30/2023
C0134,Khalid Hassan,Male,Tunis,Tunisia,10/27/2021
C0135,Aya Mahmoud,Female,Beirut,Lebanon,6/13/2021
C0136,Hassan Mansour,Male,Amman,Jordan,2/12/2023
C0137,Sami Mahmoud,Female,Alexandria,Egypt,5/9/2021
C0138,Aya Amin,Female,Riyadh,Saudi Arabia,11/15/2023
C0139,Aya Farouk,Female,Cairo,Egypt,7/9/2020
C0140,Nour Khoury,Female,Riyadh,Saudi Arabia,9/19/2021
C0141,Aya Amin,Female,Manama,Bahrain,12/5/2021
C0142,Hana Nasser,Female,Beirut,Lebanon,12/10/2023
C0143,Hassan Salem,Male,Amman,Jordan,4/17/2021
C0144,Ali Nasser,Male,Alexandria,Egypt,1/2/2023
C0145,Ali Mahmoud,Female,Tunis,Tunisia,7/20/2021
C0146,Fatima Mahmoud,Female,Amman,Jordan,4/10/2021
C0147,Layla Salem,Male,Cairo,Egypt,12/21/2023
C0148,Hassan Hassan,Female,Cairo,Egypt,2/7/2023
C0149,Omar Farouk,Female,Alexandria,Egypt,1/26/2020
C0150,Aya Farouk,Male,Tunis,Tunisia,11/28/2021
C0151,Sara Salem,Male,Tunis,Tunisia,8/21/2020
C0152,Tariq Farouk,Male,Alexandria,Egypt,3/27/2023
C0153,Omar Ibrahim,Male,Muscat,Oman,9/14/2021
C0154,Nour Ali,Male,Manama,Bahrain,5/2/2022
C0155,Sami Khoury,Female,Tunis,Tunisia,6/25/2022
C0156,Ziad Khoury,Male,Amman,Jordan,3/10/2023
C0157,Lina Ali,Male,Riyadh,Saudi Arabia,7/5/2023
C0158,Hassan Ali,Male,Dubai,UAE,5/6/2021
C0159,Hana Ali,Female,Dubai,UAE,1/6/2020
C0160,Youssef Mansour,Male,Tunis,Tunisia,8/19/2021
C0161,Nour Salem,Female,Amman,Jordan,12/10/2023
C0162,Mohamed Mahmoud,Male,Amman,Jordan,7/4/2023
C0163,Dina Ali,Male,Manama,Bahrain,4/5/2021
C0164,Hassan Ibrahim,Male,Alexandria,Egypt,5/2/2020
C0165,Mona Mansour,Female,Muscat,Oman,8/14/2021
C0166,Fatima Farouk,Female,Amman,Jordan,12/4/2023
C0167,Hassan Amin,Female,Manama,Bahrain,10/8/2022
C0168,Mohamed Mansour,Female,Cairo,Egypt,6/3/2022
C0169,Lina Salem,Male,Cairo,Egypt,7/6/2020
C0170,Ziad Mansour,Female,Cairo,Egypt,10/8/2023
C0171,Ziad Hassan,Female,Dubai,UAE,8/21/2022
C0172,Hassan Ibrahim,Female,Muscat,Oman,6/11/2022
C0173,Mohamed Farouk,Female,Beirut,Lebanon,4/16/2022
C0174,Khalid Ali,Female,Dubai,UAE,11/6/2021
C0175,Aya Salem,Male,Casablanca,Morocco,1/31/2023
C0176,Youssef Ali,Female,Beirut,Lebanon,5/31/2021
C0177,Fatima Khoury,Female,Manama,Bahrain,1/3/2020
C0178,Dina Hassan,Female,Riyadh,Saudi Arabia,11/27/2022
C0179,Lina Farouk,Male,Tunis,Tunisia,4/15/2020
C0180,Hassan Amin,Female,Dubai,UAE,8/12/2021
C0181,Aya Ali,Male,Cairo,Egypt,7/14/2023
C0182,Layla Salem,Female,Manama,Bahrain,1/29/2020
C0183,Mohamed Mahmoud,Male,Alexandria,Egypt,8/3/2022
C0184,Omar Farouk,Female,Amman,Jordan,11/8/2022
C0185,Dina Farouk,Female,Tunis,Tunisia,5/14/2021
C0186,Hana Ibrahim,Male,Casablanca,Morocco,1/25/2021
C0187,Mohamed Salem,Female,Casablanca,Morocco,11/27/2021
C0188,Ahmed Salem,Female,Amman,Jordan,4/17/2023
C0189,Omar Farouk,Female,Manama,Bahrain,9/18/2022
C0190,Khalid Amin,Female,Manama,Bahrain,2/11/2022
C0191,Khalid Mahmoud,Female,Riyadh,Saudi Arabia,3/17/2023
C0192,Nour Khoury,Female,Cairo,Egypt,10/13/2021
C0193,Tariq Khoury,Male,Dubai,UAE,10/11/2022
C0194,Omar Amin,Male,Muscat,Oman,11/10/2021
C0195,Youssef Ali,Male,Manama,Bahrain,7/24/2022
C0196,Omar Khoury,Female,Dubai,UAE,6/2/2020
C0197,Hassan Nasser,Female,Muscat,Oman,11/19/2023
C0198,Mohamed Nasser,Female,Manama,Bahrain,2/17/2022
C0199,Aya Amin,Male,Cairo,Egypt,6/18/2023
C0200,Nour Salem,Female,Riyadh,Saudi Arabia,7/4/2020
C0201,Fatima Ali,Female,Tunis,Tunisia,12/6/2020
C0202,Ahmed Hassan,Female,Beirut,Lebanon,4/24/2020
C0203,Rania Nasser,Male,Casablanca,Morocco,10/25/2020
C0204,Sami Khoury,Male,Muscat,Oman,10/28/2023
C0205,Layla Ibrahim,Female,Alexandria,Egypt,6/2/2023
C0206,Lina Mahmoud,Male,Tunis,Tunisia,4/9/2023
C0207,Nour Farouk,Female,Amman,Jordan,7/30/2022
C0208,Ahmed Farouk,Male,Amman,Jordan,10/19/2023
C0209,Mohamed Farouk,Female,Beirut,Lebanon,4/18/2023
C0210,Dina Salem,Male,Tunis,Tunisia,9/10/2021
C0211,Tariq Farouk,Female,Alexandria,Egypt,4/30/2021
C0212,Ziad Nasser,Female,Muscat,Oman,8/28/2021
C0213,Ahmed Khoury,Male,Amman,Jordan,1/17/2020
C0214,Lina Farouk,Female,Amman,Jordan,4/16/2021
C0215,Nour Mahmoud,Male,Muscat,Oman,5/28/2021
C0216,Fatima Hassan,Male,Amman,Jordan,6/21/2022
C0217,Ziad Nasser,Female,Dubai,UAE,7/3/2020
C0218,Khalid Khoury,Male,Dubai,UAE,2/15/2021
C0219,Hana Nasser,Female,Manama,Bahrain,10/24/2022
C0220,Layla Salem,Female,Tunis,Tunisia,8/27/2021
C0221,Fatima Farouk,Male,Alexandria,Egypt,10/15/2020
C0222,Tariq Amin,Female,Beirut,Lebanon,7/3/2020
C0223,Ahmed Salem,Female,Manama,Bahrain,9/10/2020
C0224,Rania Salem,Female,Muscat,Oman,2/19/2022
C0225,Fatima Mahmoud,Female,Tunis,Tunisia,2/21/2020
C0226,Lina Mahmoud,Female,Alexandria,Egypt,7/25/2023
C0227,Mona Khoury,Male,Alexandria,Egypt,10/13/2020
C0228,Sara Salem,Male,Tunis,Tunisia,8/25/2020
C0229,Nour Amin,Female,Dubai,UAE,3/6/2022
C0230,Rania Amin,Male,Casablanca,Morocco,4/17/2023
C0231,Dina Ali,Female,Tunis,Tunisia,6/14/2023
C0232,Hassan Hassan,Female,Beirut,Lebanon,3/20/2021
C0233,Youssef Mahmoud,Female,Beirut,Lebanon,7/22/2020
C0234,Hana Nasser,Female,Cairo,Egypt,3/26/2022
C0235,Ali Ali,Male,Tunis,Tunisia,7/6/2020
C0236,Lina Hassan,Male,Cairo,Egypt,11/14/2021
C0237,Omar Mansour,Male,Riyadh,Saudi Arabia,5/20/2020
C0238,Ziad Mahmoud,Male,Riyadh,Saudi Arabia,11/3/2021
C0239,Lina Hassan,Male,Amman,Jordan,10/23/2020
C0240,Hana Salem,Male,Dubai,UAE,8/13/2020
C0241,Omar Hassan,Female,Beirut,Lebanon,5/2/2021
C0242,Ahmed Ibrahim,Male,Amman,Jordan,4/17/2020
C0243,Dina Amin,Female,Alexandria,Egypt,5/10/2020
C0244,Youssef Nasser,Male,Manama,Bahrain,4/30/2023
C0245,Youssef Amin,Male,Riyadh,Saudi Arabia,6/13/2023
C0246,Sami Salem,Male,Tunis,Tunisia,8/10/2023
C0247,Sara Farouk,Male,Casablanca,Morocco,5/23/2022
C0248,Aya Farouk,Female,Alexandria,Egypt,6/14/2020
C0249,Lina Ibrahim,Female,Alexandria,Egypt,9/15/2020
C0250,Lina Mansour,Female,Manama,Bahrain,12/29/2023
C0251,Tariq Mansour,Female,Manama,Bahrain,8/26/2021
C0252,Sami Mansour,Male,Casablanca,Morocco,7/22/2020
C0253,Hana Mahmoud,Male,Casablanca,Morocco,7/13/2022
C0254,Dina Nasser,Female,Tunis,Tunisia,3/27/2022
C0255,Fatima Nasser,Female,Casablanca,Morocco,10/2/2021
C0256,Rania Ibrahim,Male,Tunis,Tunisia,5/17/2020
C0257,Mohamed Ali,Female,Casablanca,Morocco,7/16/2020
C0258,Omar Amin,Female,Cairo,Egypt,4/16/2023
C0259,Fatima Khoury,Female,Beirut,Lebanon,9/24/2023
C0260,Sara Salem,Female,Muscat,Oman,10/1/2021
C0261,Fatima Mansour,Male,Manama,Bahrain,3/11/2021
C0262,Aya Mahmoud,Female,Alexandria,Egypt,12/18/2021
C0263,Fatima Salem,Female,Muscat,Oman,4/8/2021
C0264,Hana Mansour,Male,Muscat,Oman,10/14/2023
C0265,Lina Salem,Female,Cairo,Egypt,1/4/2021
C0266,Mona Nasser,Male,Beirut,Lebanon,1/13/2020
C0267,Omar Mansour,Male,Casablanca,Morocco,5/22/2020
C0268,Ahmed Ali,Female,Manama,Bahrain,3/16/2021
C0269,Dina Farouk,Female,Beirut,Lebanon,11/18/2020
C0270,Mona Nasser,Male,Muscat,Oman,5/6/2023
C0271,Sara Ibrahim,Male,Dubai,UAE,6/19/2023
C0272,Mohamed Salem,Female,Tunis,Tunisia,9/17/2023
C0273,Aya Mansour,Female,Tunis,Tunisia,4/28/2022
C0274,Ali Amin,Female,Alexandria,Egypt,12/7/2021
C0275,Fatima Salem,Female,Muscat,Oman,9/23/2022
C0276,Sara Mahmoud,Male,Casablanca,Morocco,5/12/2023
C0277,Ahmed Mahmoud,Male,Amman,Jordan,3/8/2021
C0278,Hassan Salem,Male,Beirut,Lebanon,9/2/2020
C0279,Aya Khoury,Female,Dubai,UAE,9/21/2020
C0280,Hana Mahmoud,Female,Manama,Bahrain,2/18/2023
C0281,Mohamed Khoury,Male,Cairo,Egypt,6/12/2022
C0282,Youssef Ali,Female,Beirut,Lebanon,3/25/2023
C0283,Ziad Khoury,Male,Casablanca,Morocco,8/15/2021
C0284,Tariq Hassan,Female,Beirut,Lebanon,12/17/2020
C0285,Rania Ali,Male,Casablanca,Morocco,8/4/2020
C0286,Dina Mansour,Male,Casablanca,Morocco,12/9/2022
C0287,Tariq Salem,Female,Beirut,Lebanon,3/29/2021
C0288,Layla Ali,Male,Manama,Bahrain,7/20/2023
C0289,Sami Amin,Female,Riyadh,Saudi Arabia,12/16/2021
C0290,Omar Mahmoud,Female,Alexandria,Egypt,10/26/2020
C0291,Ali Ibrahim,Male,Muscat,Oman,11/9/2020
C0292,Layla Farouk,Female,Tunis,Tunisia,2/28/2023
C0293,Ziad Mansour,Female,Beirut,Lebanon,7/8/2023
C0294,Omar Farouk,Female,Alexandria,Egypt,8/18/2022
C0295,Mona Salem,Female,Muscat,Oman,4/25/2020
C0296,Sami Ali,Female,Amman,Jordan,8/3/2022
C0297,Sara Hassan,Male,Beirut,Lebanon,8/10/2021
C0298,Mohamed Mansour,Female,Muscat,Oman,11/4/2022
C0299,Youssef Mansour,Female,Manama,Bahrain,3/25/2020
C0300,Ziad Mahmoud,Female,Beirut,Lebanon,5/24/2023
